player_id,homeruns,game_id,date
592450,1,718781,2023-03-30
650402,1,718781,2023-03-30
668939,1,718782,2023-03-30
602104,1,718782,2023-03-30
642350,1,718776,2023-03-30
677551,1,718776,2023-03-30
664761,1,718779,2023-03-30
543543,1,718779,2023-03-30
543257,1,718779,2023-03-30
665833,1,718773,2023-03-30
668715,1,718773,2023-03-30
641933,1,718772,2023-03-30
680977,1,718772,2023-03-30
643265,1,718774,2023-03-30
518735,1,718768,2023-03-30
670541,1,718768,2023-03-30
543068,2,718778,2023-03-30
660707,1,718778,2023-03-30
681546,1,718770,2023-03-30
664034,1,718767,2023-03-30
624413,1,718771,2023-03-31
624585,1,718771,2023-03-31
665862,1,718771,2023-03-31
663656,1,718764,2023-03-31
453568,1,718766,2023-03-31
641786,1,718765,2023-03-31
605141,1,718765,2023-03-31
660162,1,718760,2023-04-01
664874,1,718760,2023-04-01
664023,1,718758,2023-04-01
543760,1,718752,2023-04-01
641598,2,718752,2023-04-01
621566,2,718753,2023-04-01
660670,1,718753,2023-04-01
542303,1,718753,2023-04-01
660688,1,718753,2023-04-01
592626,1,718762,2023-04-01
543063,1,718762,2023-04-01
518626,1,718762,2023-04-01
519317,1,718762,2023-04-01
621493,1,718757,2023-04-01
657656,1,718757,2023-04-01
663624,1,718761,2023-04-01
669720,1,718761,2023-04-01
656775,1,718761,2023-04-01
594807,2,718761,2023-04-01
571771,1,718761,2023-04-01
657077,1,718761,2023-04-01
663697,1,718756,2023-04-01
641584,1,718756,2023-04-01
621028,1,718756,2023-04-01
650490,1,718754,2023-04-01
592192,1,718755,2023-04-01
663743,1,718755,2023-04-01
543068,1,718750,2023-04-01
593428,1,718750,2023-04-01
572233,1,718749,2023-04-01
502110,1,718749,2023-04-01
572204,3,718749,2023-04-01
647304,1,718746,2023-04-01
665926,1,718746,2023-04-01
668670,1,718742,2023-04-02
668227,1,718742,2023-04-02
624428,1,718748,2023-04-02
656775,1,718748,2023-04-02
571771,1,718748,2023-04-02
592450,1,718747,2023-04-02
543309,1,718747,2023-04-02
519317,1,718747,2023-04-02
668804,1,718744,2023-04-02
670770,1,718744,2023-04-02
613564,1,718744,2023-04-02
502054,1,718741,2023-04-02
608336,2,718745,2023-04-02
658668,1,718745,2023-04-02
622110,1,718745,2023-04-02
660162,1,718740,2023-04-02
673357,1,718740,2023-04-02
669357,2,718737,2023-04-02
676475,1,718737,2023-04-02
680977,1,718737,2023-04-02
621550,2,718738,2023-04-02
545361,1,718734,2023-04-02
660271,1,718734,2023-04-02
681351,1,718734,2023-04-02
669257,1,718736,2023-04-02
641857,1,718733,2023-04-02
593428,1,718733,2023-04-02
663757,1,718733,2023-04-02
572287,1,718735,2023-04-02
677594,1,718735,2023-04-02
673962,1,718739,2023-04-02
605119,1,718731,2023-04-03
668930,1,718731,2023-04-03
624424,1,718730,2023-04-03
642731,1,718730,2023-04-03
592626,1,718730,2023-04-03
681584,2,718730,2023-04-03
669369,1,718730,2023-04-03
573262,1,718730,2023-04-03
673357,1,718730,2023-04-03
641355,1,718728,2023-04-03
613564,1,718728,2023-04-03
680777,1,718729,2023-04-03
608336,1,718729,2023-04-03
596146,1,718729,2023-04-03
663616,1,718729,2023-04-03
670623,1,718732,2023-04-03
670042,2,718732,2023-04-03
600869,1,718732,2023-04-03
519203,1,718725,2023-04-03
650402,1,718725,2023-04-03
668804,2,718724,2023-04-03
641511,1,718724,2023-04-03
646240,1,718724,2023-04-03
807799,1,718724,2023-04-03
671213,1,718724,2023-04-03
666182,1,718719,2023-04-03
669004,1,718719,2023-04-03
660670,1,718727,2023-04-03
645277,1,718727,2023-04-03
663586,1,718727,2023-04-03
502671,1,718727,2023-04-03
683002,1,718726,2023-04-03
622761,1,718726,2023-04-03
682985,1,718723,2023-04-03
663837,1,718723,2023-04-03
670541,1,718723,2023-04-03
647304,1,718721,2023-04-03
607054,1,718721,2023-04-03
664913,1,718721,2023-04-03
657656,1,718721,2023-04-03
682998,1,718722,2023-04-03
446334,1,718722,2023-04-03
621311,1,718722,2023-04-03
665742,1,718722,2023-04-03
673490,1,718722,2023-04-03
621493,1,718720,2023-04-03
660271,1,718720,2023-04-03
669257,1,718718,2023-04-03
621035,1,718718,2023-04-03
518792,1,718718,2023-04-03
443558,1,718717,2023-04-04
593428,1,718717,2023-04-04
663757,1,718717,2023-04-04
670770,1,718716,2023-04-04
613564,1,718716,2023-04-04
656413,1,718716,2023-04-04
541645,1,718714,2023-04-04
642350,1,718715,2023-04-04
666139,1,718715,2023-04-04
650490,1,718715,2023-04-04
670042,1,718715,2023-04-04
669016,1,718710,2023-04-04
656941,1,718710,2023-04-04
518934,1,718710,2023-04-04
668804,1,718713,2023-04-04
678225,1,718713,2023-04-04
662139,1,718708,2023-04-04
614177,1,718708,2023-04-04
642133,1,718712,2023-04-04
605119,2,718712,2023-04-04
669003,2,718712,2023-04-04
663586,1,718711,2023-04-04
606115,1,718711,2023-04-04
622761,1,718709,2023-04-04
663624,1,718709,2023-04-04
663993,1,718709,2023-04-04
666969,1,718709,2023-04-04
679529,1,718705,2023-04-04
663656,1,718705,2023-04-04
672356,1,718707,2023-04-04
572041,2,718706,2023-04-04
606192,2,718706,2023-04-04
669257,1,718703,2023-04-04
571970,1,718703,2023-04-04
518792,1,718703,2023-04-04
623912,1,718704,2023-04-05
677551,1,718704,2023-04-05
656941,1,718699,2023-04-05
624431,1,718699,2023-04-05
624585,2,718701,2023-04-05
621566,1,718697,2023-04-05
691023,1,718697,2023-04-05
467793,1,718702,2023-04-05
624413,2,718698,2023-04-05
686894,1,718698,2023-04-05
669003,1,718698,2023-04-05
673962,1,718694,2023-04-05
663656,1,718696,2023-04-05
665161,1,718696,2023-04-05
676801,1,718696,2023-04-05
605204,1,718695,2023-04-05
676116,1,718689,2023-04-05
542583,1,718689,2023-04-05
681351,1,718691,2023-04-05
665489,1,718692,2023-04-05
594807,1,718690,2023-04-06
646240,1,718690,2023-04-06
668670,1,718690,2023-04-06
624415,1,718686,2023-04-06
665489,1,718686,2023-04-06
677951,1,718686,2023-04-06
666165,1,718687,2023-04-06
624424,1,718687,2023-04-06
527038,1,718687,2023-04-06
573262,1,718687,2023-04-06
605204,1,718687,2023-04-06
572761,1,718681,2023-04-06
630105,1,718681,2023-04-06
606115,1,718681,2023-04-06
518692,1,718683,2023-04-06
643265,1,718693,2023-04-06
624413,1,718693,2023-04-06
516782,1,718693,2023-04-06
596019,1,718693,2023-04-06
592663,1,718685,2023-04-06
624641,1,718685,2023-04-06
614173,1,718688,2023-04-06
643265,1,718693,2023-04-07
624413,1,718693,2023-04-07
516782,1,718693,2023-04-07
596019,1,718693,2023-04-07
592663,1,718685,2023-04-07
624641,1,718685,2023-04-07
614173,1,718688,2023-04-07
677594,1,718677,2023-04-07
669394,1,718679,2023-04-07
673357,2,718679,2023-04-07
693049,1,718679,2023-04-07
668804,1,718679,2023-04-07
467793,1,718679,2023-04-07
521692,1,718680,2023-04-07
686469,1,718680,2023-04-07
676116,1,718678,2023-04-07
669127,1,718678,2023-04-07
670623,1,718678,2023-04-07
623912,1,718678,2023-04-07
542194,1,718678,2023-04-07
622534,1,718678,2023-04-07
677551,1,718678,2023-04-07
542303,1,718676,2023-04-07
642715,1,718674,2023-04-07
600869,1,718673,2023-04-07
669743,1,718673,2023-04-07
641857,1,718673,2023-04-07
666182,1,718670,2023-04-07
545361,1,718670,2023-04-07
621035,1,718671,2023-04-07
681546,1,718671,2023-04-07
682998,1,718671,2023-04-07
446334,1,718671,2023-04-07
665161,1,718666,2023-04-08
670541,1,718666,2023-04-08
571657,1,718666,2023-04-08
621439,1,718666,2023-04-08
521692,1,718672,2023-04-08
614177,1,718672,2023-04-08
677951,1,718672,2023-04-08
664774,1,718672,2023-04-08
621550,1,718669,2023-04-08
543228,1,718669,2023-04-08
668715,1,718668,2023-04-08
594807,1,718667,2023-04-08
646240,2,718667,2023-04-08
606132,1,718667,2023-04-08
664040,1,718665,2023-04-08
668227,1,718665,2023-04-08
622534,1,718665,2023-04-08
665862,1,718661,2023-04-08
500871,1,718661,2023-04-08
624413,1,718661,2023-04-08
457705,1,718662,2023-04-08
519317,1,718664,2023-04-08
691023,1,718660,2023-04-08
571448,1,718660,2023-04-08
665742,1,718659,2023-04-08
518792,1,718656,2023-04-08
681546,1,718656,2023-04-08
606466,1,718656,2023-04-08
672695,1,718656,2023-04-08
656448,1,718658,2023-04-08
519058,1,718658,2023-04-08
666182,1,718657,2023-04-08
656305,1,718657,2023-04-08
543807,1,718657,2023-04-08
650859,1,718657,2023-04-08
592669,1,718657,2023-04-08
545361,1,718657,2023-04-08
664761,1,718652,2023-04-09
671213,1,718654,2023-04-09
623912,1,718655,2023-04-09
664040,1,718655,2023-04-09
677551,1,718655,2023-04-09
592450,2,718651,2023-04-09
614173,1,718651,2023-04-09
668939,1,718651,2023-04-09
663728,1,718646,2023-04-09
643265,1,718647,2023-04-09
650559,1,718647,2023-04-09
676801,1,718649,2023-04-09
592885,1,718650,2023-04-09
642715,1,718650,2023-04-09
621458,1,718642,2023-04-09
595777,1,718645,2023-04-09
553869,1,718645,2023-04-09
624424,1,718643,2023-04-09
656305,1,718644,2023-04-09
592669,1,718644,2023-04-09
592273,1,718644,2023-04-09
660271,1,718644,2023-04-09
681351,1,718644,2023-04-09
443558,1,718648,2023-04-09
663757,1,718648,2023-04-09
673490,1,718648,2023-04-09
593643,1,718640,2023-04-10
663624,1,718635,2023-04-10
668939,1,718635,2023-04-10
669720,1,718635,2023-04-10
596847,1,718632,2023-04-10
664040,1,718638,2023-04-10
493329,1,718633,2023-04-10
669016,1,718633,2023-04-10
664761,1,718633,2023-04-10
595909,1,718633,2023-04-10
669221,1,718636,2023-04-10
672284,1,718628,2023-04-10
641531,1,718630,2023-04-10
641680,1,718630,2023-04-10
608369,1,718630,2023-04-10
666969,1,718630,2023-04-10
592669,1,718631,2023-04-10
572233,1,718627,2023-04-10
571970,2,718641,2023-04-10
605141,1,718641,2023-04-10
527038,1,718641,2023-04-10
614173,1,718626,2023-04-11
669127,1,718618,2023-04-11
663624,2,718618,2023-04-11
669720,1,718618,2023-04-11
663656,1,718623,2023-04-11
608324,1,718623,2023-04-11
596847,1,718623,2023-04-11
669261,1,718623,2023-04-11
678225,1,718623,2023-04-11
670623,1,718625,2023-04-11
664040,1,718625,2023-04-11
666139,1,718625,2023-04-11
650490,1,718625,2023-04-11
542932,1,718619,2023-04-11
650333,1,718619,2023-04-11
656941,1,718619,2023-04-11
665155,1,718622,2023-04-11
666182,1,718622,2023-04-11
656305,1,718622,2023-04-11
595281,1,718622,2023-04-11
543807,1,718622,2023-04-11
672386,1,718622,2023-04-11
593428,1,718621,2023-04-11
676480,1,718620,2023-04-11
621566,1,718620,2023-04-11
645277,1,718620,2023-04-11
553993,1,718617,2023-04-11
672284,1,718617,2023-04-11
641820,1,718617,2023-04-11
676369,1,718617,2023-04-11
673357,1,718616,2023-04-11
572191,1,718616,2023-04-11
621439,1,718616,2023-04-11
641680,1,718615,2023-04-11
669357,1,718613,2023-04-11
669242,1,718613,2023-04-11
660766,1,718613,2023-04-11
641857,1,718613,2023-04-11
543068,1,718613,2023-04-11
553869,1,718613,2023-04-11
681351,1,718614,2023-04-11
642133,1,718611,2023-04-11
670712,1,718611,2023-04-11
642715,1,718611,2023-04-11
681584,1,718624,2023-04-11
543063,1,718624,2023-04-11
667452,1,718608,2023-04-12
608324,1,718608,2023-04-12
665742,1,718610,2023-04-12
624413,1,718610,2023-04-12
596019,1,718610,2023-04-12
672820,1,718605,2023-04-12
614173,1,718604,2023-04-12
642708,1,718604,2023-04-12
606192,1,718606,2023-04-12
672284,1,718606,2023-04-12
641355,1,718606,2023-04-12
669357,1,718607,2023-04-12
571448,1,718607,2023-04-12
641933,1,718607,2023-04-12
595777,1,718607,2023-04-12
682998,1,718598,2023-04-12
666971,1,718598,2023-04-12
624585,1,718609,2023-04-12
542208,1,718599,2023-04-12
667670,1,718599,2023-04-12
646240,1,718600,2023-04-12
668227,1,718600,2023-04-12
665155,1,718603,2023-04-12
681481,1,718603,2023-04-12
592696,1,718601,2023-04-12
686469,1,718595,2023-04-12
663993,1,718595,2023-04-12
571970,2,718612,2023-04-12
572204,1,718612,2023-04-12
642731,1,718612,2023-04-12
667670,2,718596,2023-04-13
663624,1,718596,2023-04-13
668939,1,718596,2023-04-13
608701,1,718594,2023-04-13
664040,1,718594,2023-04-13
650490,1,718594,2023-04-13
656941,1,718597,2023-04-13
666397,1,718590,2023-04-13
621043,1,718590,2023-04-13
572191,2,718590,2023-04-13
519203,2,718590,2023-04-13
666801,1,718591,2023-04-13
656582,1,718591,2023-04-13
642133,1,718589,2023-04-13
670712,1,718589,2023-04-13
592518,1,718589,2023-04-13
663757,1,718589,2023-04-13
642731,1,718585,2023-04-14
605204,1,718585,2023-04-14
665155,1,718585,2023-04-14
624641,1,718586,2023-04-14
605137,1,718592,2023-04-14
671277,1,718592,2023-04-14
664247,1,718588,2023-04-14
621043,1,718588,2023-04-14
592450,1,718588,2023-04-14
683011,1,718588,2023-04-14
519317,1,718588,2023-04-14
542194,1,718587,2023-04-14
666139,1,718587,2023-04-14
543807,1,718587,2023-04-14
646240,1,718580,2023-04-14
669394,1,718583,2023-04-14
666969,1,718581,2023-04-14
455117,1,718581,2023-04-14
670541,1,718581,2023-04-14
656541,1,718579,2023-04-14
621566,1,718579,2023-04-14
669221,1,718579,2023-04-14
660670,1,718579,2023-04-14
663586,1,718579,2023-04-14
596019,1,718578,2023-04-14
667670,1,718578,2023-04-14
649557,1,718578,2023-04-14
669127,1,718578,2023-04-14
592885,1,718574,2023-04-14
642133,2,718574,2023-04-14
669134,1,718574,2023-04-14
664023,1,718575,2023-04-14
621550,1,718575,2023-04-14
543228,2,718575,2023-04-14
673548,1,718575,2023-04-14
621035,1,718575,2023-04-14
571970,1,718575,2023-04-14
592178,1,718577,2023-04-14
672284,1,718577,2023-04-14
519203,1,718572,2023-04-15
543309,1,718572,2023-04-15
666165,1,718571,2023-04-15
605204,1,718571,2023-04-15
681481,1,718571,2023-04-15
622761,1,718570,2023-04-15
623993,1,718570,2023-04-15
669394,1,718570,2023-04-15
663647,1,718568,2023-04-15
457705,1,718568,2023-04-15
670764,1,718569,2023-04-15
608070,1,718573,2023-04-15
630105,2,718560,2023-04-15
592192,1,718565,2023-04-15
624413,1,718565,2023-04-15
570482,1,718576,2023-04-15
644374,1,718576,2023-04-15
646240,1,718576,2023-04-15
571976,2,718566,2023-04-15
669221,1,718563,2023-04-15
641658,1,718567,2023-04-15
621550,1,718564,2023-04-15
553993,1,718561,2023-04-15
457759,1,718559,2023-04-16
600869,1,718555,2023-04-16
671277,1,718555,2023-04-16
518934,1,718557,2023-04-16
542194,1,718556,2023-04-16
592663,1,718554,2023-04-16
681082,1,718554,2023-04-16
682998,1,718550,2023-04-16
645277,1,718551,2023-04-16
686469,1,718551,2023-04-16
669394,1,718553,2023-04-16
657757,1,718553,2023-04-16
663457,1,718548,2023-04-16
502054,1,718546,2023-04-16
624413,1,718546,2023-04-16
596019,1,718546,2023-04-16
621550,1,718547,2023-04-16
641355,1,718547,2023-04-16
621035,1,718547,2023-04-16
543760,1,718552,2023-04-16
592669,1,718540,2023-04-17
666139,1,718542,2023-04-17
621028,1,718542,2023-04-17
624585,1,718544,2023-04-17
543760,1,718539,2023-04-17
673962,1,718539,2023-04-17
606466,1,718538,2023-04-17
656976,1,718538,2023-04-17
676475,1,718538,2023-04-17
656305,1,718537,2023-04-17
669289,1,718537,2023-04-17
667452,1,718537,2023-04-17
676694,1,718537,2023-04-17
457705,1,718535,2023-04-17
669261,1,718535,2023-04-17
592178,1,718535,2023-04-17
621550,2,718536,2023-04-17
663586,1,718533,2023-04-17
668930,1,718534,2023-04-17
663728,1,718534,2023-04-17
677594,1,718534,2023-04-17
596129,1,718532,2023-04-17
571970,1,718532,2023-04-17
518692,2,718532,2023-04-17
682985,1,718541,2023-04-17
669394,1,718543,2023-04-17
660757,1,718530,2023-04-18
681481,1,718530,2023-04-18
682985,1,718541,2023-04-18
543281,1,718525,2023-04-18
669394,1,718543,2023-04-18
670764,2,718526,2023-04-18
668227,1,718526,2023-04-18
650490,1,718526,2023-04-18
573262,1,718528,2023-04-18
665862,1,718528,2023-04-18
660271,1,718529,2023-04-18
596146,1,718524,2023-04-18
543760,1,718522,2023-04-18
666969,1,718522,2023-04-18
672515,1,718527,2023-04-18
575929,2,718527,2023-04-18
502671,1,718527,2023-04-18
656305,1,718520,2023-04-18
665489,1,718520,2023-04-18
669261,2,718521,2023-04-18
592178,1,718521,2023-04-18
621566,1,718519,2023-04-18
669221,1,718519,2023-04-18
645277,1,718519,2023-04-18
592885,1,718517,2023-04-18
642715,1,718517,2023-04-18
502110,2,718516,2023-04-18
650490,1,718515,2023-04-19
608070,1,718513,2023-04-19
656716,1,718513,2023-04-19
679529,1,718513,2023-04-19
624424,1,718511,2023-04-19
573262,1,718511,2023-04-19
656976,1,718512,2023-04-19
677950,1,718512,2023-04-19
669357,1,718512,2023-04-19
669242,1,718512,2023-04-19
641680,1,718514,2023-04-19
677951,1,718514,2023-04-19
669016,1,718510,2023-04-19
607208,1,718510,2023-04-19
683734,1,718510,2023-04-19
607043,1,718508,2023-04-19
444482,1,718508,2023-04-19
666801,1,718509,2023-04-19
457705,1,718509,2023-04-19
543333,1,718506,2023-04-19
665742,1,718507,2023-04-19
677594,1,718502,2023-04-19
624428,1,718518,2023-04-19
592450,1,718504,2023-04-19
666397,1,718505,2023-04-19
608336,1,718505,2023-04-19
663616,1,718505,2023-04-19
571771,1,718505,2023-04-19
665161,1,718501,2023-04-19
650489,1,718497,2023-04-20
644374,1,718497,2023-04-20
657077,1,718497,2023-04-20
656582,1,718500,2023-04-20
669261,1,718500,2023-04-20
543068,1,718498,2023-04-20
571970,1,718499,2023-04-20
681546,2,718499,2023-04-20
641355,1,718499,2023-04-20
572761,1,718494,2023-04-20
593428,1,718494,2023-04-20
643446,1,718503,2023-04-20
500871,1,718503,2023-04-20
624413,1,718503,2023-04-20
666165,1,718503,2023-04-20
664774,1,718503,2023-04-20
641820,1,718491,2023-04-21
621550,1,718491,2023-04-21
641355,1,718491,2023-04-21
663538,1,718491,2023-04-21
650391,1,718486,2023-04-21
623912,1,718486,2023-04-21
664040,1,718486,2023-04-21
542194,1,718486,2023-04-21
669720,1,718495,2023-04-21
641857,1,718493,2023-04-21
656941,1,718493,2023-04-21
665489,1,718487,2023-04-21
474832,1,718487,2023-04-21
665828,1,718487,2023-04-21
670541,1,718489,2023-04-21
672478,1,718490,2023-04-21
643393,1,718490,2023-04-21
641680,1,718490,2023-04-21
608841,1,718482,2023-04-21
608336,1,718482,2023-04-21
657077,1,718483,2023-04-21
642133,1,718483,2023-04-21
595453,1,718485,2023-04-21
606192,1,718481,2023-04-21
624413,1,718480,2023-04-21
643376,1,718476,2023-04-22
683011,1,718476,2023-04-22
682928,1,718468,2023-04-22
621439,1,718468,2023-04-22
571970,2,718479,2023-04-22
681546,2,718479,2023-04-22
663538,1,718479,2023-04-22
592206,2,718475,2023-04-22
665506,1,718475,2023-04-22
650559,1,718473,2023-04-22
607043,1,718478,2023-04-22
543063,1,718478,2023-04-22
527038,1,718478,2023-04-22
518735,1,718477,2023-04-22
657757,1,718477,2023-04-22
650391,1,718477,2023-04-22
668227,1,718477,2023-04-22
656716,1,718472,2023-04-22
543510,1,718472,2023-04-22
542583,1,718469,2023-04-22
677649,1,718469,2023-04-22
666969,3,718469,2023-04-22
644374,1,718470,2023-04-22
646240,1,718470,2023-04-22
642133,1,718470,2023-04-22
663656,1,718471,2023-04-22
670541,1,718471,2023-04-22
669221,1,718471,2023-04-22
645277,1,718471,2023-04-22
665487,1,718467,2023-04-22
572233,1,718467,2023-04-22
642136,1,718466,2023-04-22
592669,2,718466,2023-04-22
545361,1,718466,2023-04-22
669242,1,718464,2023-04-22
606192,1,718464,2023-04-22
672284,1,718464,2023-04-22
669016,1,718458,2023-04-23
665019,1,718458,2023-04-23
681082,1,718458,2023-04-23
607208,1,718458,2023-04-23
607680,1,718462,2023-04-23
662139,1,718465,2023-04-23
665489,1,718465,2023-04-23
519203,1,718465,2023-04-23
623912,1,718457,2023-04-23
670042,1,718457,2023-04-23
542932,1,718460,2023-04-23
541645,1,718460,2023-04-23
605137,1,718460,2023-04-23
608070,1,718460,2023-04-23
593871,1,718454,2023-04-23
572191,1,718454,2023-04-23
807799,2,718461,2023-04-23
457759,1,718461,2023-04-23
605119,2,718461,2023-04-23
571970,1,718451,2023-04-23
502110,1,718451,2023-04-23
605141,1,718451,2023-04-23
543228,1,718451,2023-04-23
669127,1,718453,2023-04-23
543257,1,718453,2023-04-23
669004,1,718452,2023-04-23
686469,1,718452,2023-04-23
677951,1,718452,2023-04-23
621493,1,718452,2023-04-23
545361,1,718452,2023-04-23
660271,1,718452,2023-04-23
572761,1,718456,2023-04-23
664983,1,718456,2023-04-23
605113,1,718456,2023-04-23
677950,1,718456,2023-04-23
669357,1,718450,2023-04-23
663457,1,718450,2023-04-23
657557,1,718450,2023-04-23
672284,1,718450,2023-04-23
682626,1,718455,2023-04-23
642731,1,718455,2023-04-23
595777,1,718448,2023-04-24
646240,1,718447,2023-04-24
671213,1,718447,2023-04-24
608324,1,718449,2023-04-24
665161,1,718449,2023-04-24
673962,2,718445,2023-04-24
624415,1,718444,2023-04-24
656541,2,718443,2023-04-24
669221,1,718443,2023-04-24
592696,1,718443,2023-04-24
663586,1,718443,2023-04-24
608336,1,718442,2023-04-24
665155,1,718441,2023-04-24
670712,1,718441,2023-04-24
661388,1,718441,2023-04-24
667670,2,718437,2023-04-24
542583,2,718437,2023-04-24
675656,1,718437,2023-04-24
592273,2,718437,2023-04-24
595453,1,718437,2023-04-24
658668,1,718438,2023-04-24
605204,1,718446,2023-04-24
453568,1,718440,2023-04-25
680776,1,718435,2023-04-25
683002,1,718435,2023-04-25
622761,1,718435,2023-04-25
656775,1,718435,2023-04-25
621035,1,718432,2023-04-25
457705,1,718432,2023-04-25
663993,1,718434,2023-04-25
543760,1,718434,2023-04-25
669701,1,718434,2023-04-25
606192,1,718430,2023-04-25
672284,1,718430,2023-04-25
624641,1,718430,2023-04-25
643376,2,718433,2023-04-25
660688,1,718431,2023-04-25
493329,1,718429,2023-04-25
665862,1,718429,2023-04-25
592696,1,718429,2023-04-25
645277,2,718429,2023-04-25
543228,1,718426,2023-04-25
663616,1,718427,2023-04-25
621439,1,718427,2023-04-25
681481,1,718428,2023-04-25
642133,1,718428,2023-04-25
669127,1,718425,2023-04-25
669242,1,718439,2023-04-25
666165,1,718439,2023-04-25
573262,1,718439,2023-04-25
669222,1,718424,2023-04-26
807799,1,718416,2023-04-26
666182,1,718420,2023-04-26
647304,1,718421,2023-04-26
650402,1,718417,2023-04-26
669304,2,718417,2023-04-26
608336,1,718417,2023-04-26
605170,1,718419,2023-04-26
686894,1,718419,2023-04-26
518692,1,718413,2023-04-26
641487,1,718415,2023-04-26
677594,1,718415,2023-04-26
592206,1,718415,2023-04-26
600869,1,718412,2023-04-26
541645,1,718411,2023-04-26
665862,1,718411,2023-04-26
660821,1,718411,2023-04-26
621566,1,718411,2023-04-26
660670,1,718411,2023-04-26
641820,1,718407,2023-04-26
675656,1,718408,2023-04-26
592669,1,718408,2023-04-26
592273,1,718408,2023-04-26
660271,1,718408,2023-04-26
502671,2,718423,2023-04-26
527038,1,718423,2023-04-26
664774,1,718423,2023-04-26
666801,1,718403,2023-04-27
656582,1,718403,2023-04-27
592518,1,718406,2023-04-27
621020,1,718406,2023-04-27
543333,1,718406,2023-04-27
676369,1,718406,2023-04-27
676475,1,718409,2023-04-27
657557,1,718409,2023-04-27
667670,1,718402,2023-04-27
669127,1,718402,2023-04-27
592273,1,718402,2023-04-27
623993,1,718405,2023-04-27
682928,1,718398,2023-04-27
669743,1,718398,2023-04-27
683146,1,718398,2023-04-27
664040,1,718396,2023-04-27
650490,1,718396,2023-04-27
670042,1,718396,2023-04-27
669394,1,718396,2023-04-27
686469,1,718400,2023-04-27
621043,1,718400,2023-04-27
621439,1,718400,2023-04-27
518934,1,718397,2023-04-27
650402,1,718397,2023-04-27
624431,1,718397,2023-04-27
521692,1,718387,2023-04-28
669304,1,718387,2023-04-28
596146,1,718387,2023-04-28
593871,1,718387,2023-04-28
676369,1,718391,2023-04-28
663728,1,718392,2023-04-28
672386,1,718392,2023-04-28
572287,1,718395,2023-04-28
686823,1,718395,2023-04-28
621566,1,718394,2023-04-28
670623,1,718393,2023-04-28
669394,1,718393,2023-04-28
683734,1,718393,2023-04-28
543257,1,718388,2023-04-28
656941,1,718389,2023-04-28
665161,1,718389,2023-04-28
642715,1,718386,2023-04-28
606466,1,718390,2023-04-28
641584,1,718380,2023-04-28
667670,1,718380,2023-04-28
676116,1,718380,2023-04-28
605141,1,718382,2023-04-28
678246,1,718382,2023-04-28
663630,1,718401,2023-04-28
663527,1,718401,2023-04-28
609280,1,718399,2023-04-28
669261,1,718399,2023-04-28
642086,1,718399,2023-04-28
622761,1,718381,2023-04-29
543510,1,718381,2023-04-29
670097,1,718381,2023-04-29
663630,1,718401,2023-04-29
663527,1,718401,2023-04-29
656582,1,718383,2023-04-29
609280,1,718383,2023-04-29
609280,1,718399,2023-04-29
669261,1,718399,2023-04-29
642086,1,718399,2023-04-29
621439,1,718378,2023-04-29
621550,1,718375,2023-04-29
641355,1,718375,2023-04-29
571912,1,718377,2023-04-29
605137,1,718385,2023-04-29
665926,1,718385,2023-04-29
646240,1,718385,2023-04-29
665019,1,718372,2023-04-29
592206,1,718372,2023-04-29
665161,1,718372,2023-04-29
666165,1,718384,2023-04-29
571745,1,718384,2023-04-29
681584,1,718384,2023-04-29
543063,1,718384,2023-04-29
664774,1,718384,2023-04-29
592518,2,718384,2023-04-29
665487,1,718384,2023-04-29
443558,1,718384,2023-04-29
665742,1,718384,2023-04-29
593428,1,718384,2023-04-29
677649,1,718374,2023-04-29
642336,1,718373,2023-04-29
668227,2,718373,2023-04-29
666139,1,718373,2023-04-29
677551,1,718373,2023-04-29
545361,2,718376,2023-04-29
672695,1,718366,2023-04-29
572233,1,718366,2023-04-29
641355,1,718364,2023-04-30
657136,1,718370,2023-04-30
657077,1,718370,2023-04-30
663728,2,718363,2023-04-30
666211,1,718363,2023-04-30
606192,1,718363,2023-04-30
666182,1,718363,2023-04-30
624428,1,718360,2023-04-30
622761,1,718360,2023-04-30
668670,1,718360,2023-04-30
621439,1,718362,2023-04-30
670764,1,718355,2023-04-30
542194,1,718355,2023-04-30
670042,2,718355,2023-04-30
518735,1,718355,2023-04-30
683734,1,718355,2023-04-30
660271,1,718365,2023-04-30
571875,1,718365,2023-04-30
641680,1,718356,2023-04-30
663993,1,718356,2023-04-30
673962,1,718356,2023-04-30
666969,1,718356,2023-04-30
446334,1,718358,2023-04-30
543068,1,718358,2023-04-30
571745,1,718368,2023-04-30
664774,1,718368,2023-04-30
605204,1,718368,2023-04-30
543592,1,718368,2023-04-30
669222,1,718357,2023-04-30
667670,1,718357,2023-04-30
542583,1,718357,2023-04-30
592663,1,718354,2023-04-30
665019,1,718354,2023-04-30
676694,1,718354,2023-04-30
643446,1,718361,2023-04-30
669221,2,718352,2023-05-01
660670,1,718352,2023-05-01
607680,1,718352,2023-05-01
683146,1,718352,2023-05-01
500871,1,718352,2023-05-01
624413,1,718352,2023-05-01
643446,1,718361,2023-05-01
664023,1,718349,2023-05-01
621020,1,718349,2023-05-01
657041,1,718349,2023-05-01
624431,1,718351,2023-05-01
666182,1,718353,2023-05-01
657077,1,718353,2023-05-01
680776,1,718353,2023-05-01
665839,1,718353,2023-05-01
592626,1,718350,2023-05-01
664774,1,718350,2023-05-01
669222,1,718345,2023-05-01
673490,1,718345,2023-05-01
656941,1,718343,2023-05-01
669257,1,718343,2023-05-01
518792,1,718343,2023-05-01
444482,1,718343,2023-05-01
605141,1,718343,2023-05-01
623912,1,718347,2023-05-02
645277,1,718346,2023-05-02
621550,1,718344,2023-05-02
683011,1,718339,2023-05-02
641432,1,718339,2023-05-02
662139,1,718341,2023-05-02
657136,2,718341,2023-05-02
624414,1,718341,2023-05-02
807799,1,718341,2023-05-02
624503,1,718340,2023-05-02
650391,1,718340,2023-05-02
663624,2,718336,2023-05-02
521692,2,718336,2023-05-02
669004,1,718336,2023-05-02
677951,1,718336,2023-05-02
621493,1,718338,2023-05-02
606466,1,718342,2023-05-02
572233,1,718342,2023-05-02
677649,1,718342,2023-05-02
553869,1,718334,2023-05-02
678662,1,718334,2023-05-02
572041,1,718332,2023-05-02
607208,1,718331,2023-05-02
518692,1,718331,2023-05-02
502054,1,718348,2023-05-02
592192,1,718348,2023-05-02
596019,1,718348,2023-05-02
595879,1,718348,2023-05-02
606992,1,718348,2023-05-02
502054,1,718348,2023-05-03
592192,1,718348,2023-05-03
596019,1,718348,2023-05-03
595879,1,718348,2023-05-03
606992,1,718348,2023-05-03
606992,1,718329,2023-05-03
663837,1,718329,2023-05-03
606466,1,718325,2023-05-03
666971,1,718325,2023-05-03
572233,2,718325,2023-05-03
641680,1,718325,2023-05-03
665750,1,718325,2023-05-03
673962,2,718325,2023-05-03
527038,1,718326,2023-05-03
608324,1,718326,2023-05-03
668715,1,718330,2023-05-03
664954,1,718330,2023-05-03
571970,1,718327,2023-05-03
678246,1,718327,2023-05-03
457705,1,718328,2023-05-03
666139,1,718328,2023-05-03
677551,1,718328,2023-05-03
671739,1,718321,2023-05-03
660670,1,718321,2023-05-03
645277,1,718321,2023-05-03
663586,1,718321,2023-05-03
542303,2,718321,2023-05-03
660821,1,718321,2023-05-03
641343,1,718324,2023-05-03
641432,1,718324,2023-05-03
662139,1,718323,2023-05-03
665489,1,718323,2023-05-03
624503,1,718322,2023-05-03
673357,1,718322,2023-05-03
686469,1,718314,2023-05-03
592273,1,718320,2023-05-03
545361,1,718320,2023-05-03
571875,1,718320,2023-05-03
669357,1,718320,2023-05-03
666185,1,718320,2023-05-03
592178,1,718315,2023-05-03
453568,1,718315,2023-05-03
572041,1,718319,2023-05-03
553993,1,718319,2023-05-03
669743,1,718317,2023-05-04
657041,1,718317,2023-05-04
595879,1,718318,2023-05-04
682985,1,718318,2023-05-04
670764,1,718309,2023-05-04
668227,1,718309,2023-05-04
650490,1,718309,2023-05-04
650859,1,718311,2023-05-04
669242,1,718311,2023-05-04
683002,1,718312,2023-05-04
623993,1,718312,2023-05-04
666023,1,718312,2023-05-04
521692,1,718312,2023-05-04
664728,1,718312,2023-05-04
621043,1,718310,2023-05-04
621439,1,718310,2023-05-04
650391,1,718310,2023-05-04
621438,1,718313,2023-05-04
592885,1,718313,2023-05-04
642133,1,718313,2023-05-04
666211,1,718304,2023-05-04
668709,1,718304,2023-05-04
621566,1,718308,2023-05-04
542303,1,718308,2023-05-04
624585,1,718308,2023-05-04
665489,1,718316,2023-05-04
646240,1,718316,2023-05-04
807799,1,718316,2023-05-04
664023,1,718303,2023-05-05
543807,1,718307,2023-05-05
462101,1,718305,2023-05-05
673357,1,718305,2023-05-05
663697,1,718305,2023-05-05
664056,1,718300,2023-05-05
668227,1,718300,2023-05-05
650490,1,718300,2023-05-05
607043,1,718302,2023-05-05
596146,1,718306,2023-05-05
623993,2,718298,2023-05-05
656775,1,718298,2023-05-05
669221,1,718298,2023-05-05
667670,1,718299,2023-05-05
657656,1,718299,2023-05-05
668472,1,718299,2023-05-05
595879,1,718292,2023-05-05
668800,1,718292,2023-05-05
671277,1,718296,2023-05-05
682998,1,718296,2023-05-05
665487,2,718295,2023-05-05
663656,1,718297,2023-05-05
670541,1,718297,2023-05-05
527038,1,718293,2023-05-05
605204,1,718293,2023-05-05
666185,1,718288,2023-05-06
571448,1,718288,2023-05-06
624585,1,718289,2023-05-06
678662,1,718290,2023-05-06
621043,1,718285,2023-05-06
596146,1,718285,2023-05-06
680757,1,718285,2023-05-06
669261,1,718286,2023-05-06
593643,1,718281,2023-05-06
664874,1,718281,2023-05-06
670770,1,718281,2023-05-06
668709,1,718280,2023-05-06
666023,1,718280,2023-05-06
677951,1,718280,2023-05-06
547180,1,718284,2023-05-06
607208,1,718284,2023-05-06
607680,1,718283,2023-05-06
542303,1,718283,2023-05-06
642731,1,718287,2023-05-06
689172,1,718287,2023-05-06
660688,1,718282,2023-05-06
657041,1,718282,2023-05-06
666971,1,718282,2023-05-06
656896,1,718282,2023-05-06
621035,1,718279,2023-05-06
592273,1,718275,2023-05-06
621566,1,718277,2023-05-07
662139,1,718278,2023-05-07
593160,1,718278,2023-05-07
595281,1,718278,2023-05-07
671213,1,718270,2023-05-07
656941,1,718270,2023-05-07
545341,1,718276,2023-05-07
592178,1,718276,2023-05-07
686668,1,718276,2023-05-07
596129,1,718276,2023-05-07
519203,1,718271,2023-05-07
664056,1,718271,2023-05-07
642350,1,718271,2023-05-07
542194,1,718271,2023-05-07
521692,1,718268,2023-05-07
679529,1,718272,2023-05-07
668670,1,718272,2023-05-07
502671,3,718272,2023-05-07
680977,1,718272,2023-05-07
493329,1,718269,2023-05-07
661388,1,718267,2023-05-07
642715,1,718267,2023-05-07
642731,1,718267,2023-05-07
677649,1,718264,2023-05-07
669701,1,718264,2023-05-07
666969,1,718264,2023-05-07
592669,1,718264,2023-05-07
543685,1,718264,2023-05-07
608841,1,718263,2023-05-07
666971,2,718263,2023-05-07
572233,1,718263,2023-05-07
677594,1,718265,2023-05-07
657757,1,718262,2023-05-07
593643,1,718262,2023-05-07
663697,1,718262,2023-05-07
571976,1,718262,2023-05-07
668715,1,718262,2023-05-07
663886,1,718262,2023-05-07
681546,1,718266,2023-05-07
605141,1,718266,2023-05-07
628451,1,718261,2023-05-08
608070,1,718261,2023-05-08
666801,1,718258,2023-05-08
666139,1,718259,2023-05-08
670042,1,718259,2023-05-08
518934,1,718255,2023-05-08
665828,1,718255,2023-05-08
543305,1,718255,2023-05-08
650402,1,718255,2023-05-08
657757,1,718253,2023-05-08
669004,1,718253,2023-05-08
621035,1,718257,2023-05-08
686894,1,718257,2023-05-08
642715,1,718257,2023-05-08
682073,1,718254,2023-05-08
592669,1,718254,2023-05-08
664034,1,718251,2023-05-08
572233,1,718249,2023-05-08
592626,1,718260,2023-05-08
595777,2,718252,2023-05-09
670764,1,718246,2023-05-09
677551,1,718246,2023-05-09
668939,1,718246,2023-05-09
682626,2,718243,2023-05-09
624413,1,718243,2023-05-09
596019,1,718243,2023-05-09
666182,1,718244,2023-05-09
592206,1,718244,2023-05-09
672478,3,718247,2023-05-09
641343,1,718247,2023-05-09
650402,1,718247,2023-05-09
457759,1,718245,2023-05-09
621566,1,718245,2023-05-09
669357,1,718240,2023-05-09
663457,1,718240,2023-05-09
657557,1,718240,2023-05-09
666624,1,718240,2023-05-09
621020,1,718240,2023-05-09
592518,1,718242,2023-05-09
683734,1,718238,2023-05-09
673357,1,718238,2023-05-09
686469,1,718238,2023-05-09
669257,1,718241,2023-05-09
605141,1,718241,2023-05-09
678246,1,718241,2023-05-09
605170,1,718241,2023-05-09
642133,1,718241,2023-05-09
455117,1,718237,2023-05-09
687263,1,718237,2023-05-09
608596,1,718239,2023-05-09
624585,2,718236,2023-05-09
446334,1,718236,2023-05-09
669477,1,718250,2023-05-09
457705,1,718231,2023-05-10
672779,1,718231,2023-05-10
542208,1,718232,2023-05-10
607054,1,718232,2023-05-10
668709,1,718232,2023-05-10
518934,1,718232,2023-05-10
683011,1,718232,2023-05-10
664056,1,718232,2023-05-10
669257,1,718228,2023-05-10
518692,1,718228,2023-05-10
678246,1,718228,2023-05-10
661388,1,718228,2023-05-10
543760,1,718229,2023-05-10
660821,1,718226,2023-05-10
656180,1,718230,2023-05-10
657041,1,718230,2023-05-10
624424,1,718230,2023-05-10
664774,1,718230,2023-05-10
474832,1,718233,2023-05-10
670541,1,718235,2023-05-10
592669,1,718235,2023-05-10
660271,1,718235,2023-05-10
624413,1,718225,2023-05-10
671213,1,718220,2023-05-10
660670,1,718220,2023-05-10
621550,1,718221,2023-05-10
543228,1,718221,2023-05-10
665742,1,718224,2023-05-10
596146,1,718224,2023-05-10
658668,1,718222,2023-05-10
668472,1,718222,2023-05-10
686681,1,718222,2023-05-10
668715,1,718223,2023-05-11
596059,1,718216,2023-05-11
665487,1,718216,2023-05-11
571657,1,718216,2023-05-11
686681,1,718218,2023-05-11
666139,1,718219,2023-05-11
669477,1,718215,2023-05-11
543760,1,718217,2023-05-11
677594,1,718208,2023-05-12
668670,1,718208,2023-05-12
641584,2,718212,2023-05-12
663886,1,718212,2023-05-12
680814,1,718212,2023-05-12
665862,1,718212,2023-05-12
656582,1,718213,2023-05-12
656775,1,718213,2023-05-12
642350,1,718210,2023-05-12
668227,1,718210,2023-05-12
666139,1,718210,2023-05-12
519203,2,718210,2023-05-12
683011,1,718210,2023-05-12
662139,1,718206,2023-05-12
647304,1,718205,2023-05-12
669357,1,718211,2023-05-12
575929,1,718211,2023-05-12
571448,1,718211,2023-05-12
657136,1,718211,2023-05-12
665839,1,718211,2023-05-12
666624,1,718209,2023-05-12
670541,1,718207,2023-05-12
673357,1,718207,2023-05-12
666023,1,718204,2023-05-12
680911,1,718204,2023-05-12
664761,1,718202,2023-05-12
656941,1,718202,2023-05-12
624424,1,718199,2023-05-12
592626,1,718199,2023-05-12
666150,1,718199,2023-05-12
446334,1,718199,2023-05-12
543257,1,718200,2023-05-12
542208,1,718200,2023-05-12
667670,1,718200,2023-05-12
665923,1,718200,2023-05-12
675656,1,718200,2023-05-12
518692,1,718201,2023-05-12
605141,1,718201,2023-05-12
650490,1,718197,2023-05-13
592450,2,718197,2023-05-13
543309,1,718197,2023-05-13
606192,1,718194,2023-05-13
672284,1,718194,2023-05-13
641584,1,718198,2023-05-13
650559,1,718198,2023-05-13
665862,1,718198,2023-05-13
666135,2,718195,2023-05-13
621043,1,718195,2023-05-13
608336,1,718195,2023-05-13
593871,1,718195,2023-05-13
542303,1,718192,2023-05-13
682928,1,718203,2023-05-13
663993,1,718190,2023-05-13
677649,1,718190,2023-05-13
571448,1,718196,2023-05-13
666160,1,718191,2023-05-13
687263,1,718191,2023-05-13
647304,1,718191,2023-05-13
665926,1,718191,2023-05-13
683002,1,718193,2023-05-13
668939,1,718193,2023-05-13
521692,1,718183,2023-05-13
592885,2,718183,2023-05-13
665742,1,718185,2023-05-13
673490,1,718185,2023-05-13
502110,1,718185,2023-05-13
673357,1,718189,2023-05-13
666150,1,718184,2023-05-13
547180,1,718188,2023-05-13
647304,1,718182,2023-05-14
682928,1,718203,2023-05-14
670764,1,718180,2023-05-14
519203,1,718180,2023-05-14
665828,1,718180,2023-05-14
683011,1,718180,2023-05-14
660670,1,718181,2023-05-14
607680,1,718181,2023-05-14
645277,1,718181,2023-05-14
543807,1,718181,2023-05-14
666624,1,718175,2023-05-14
673548,1,718175,2023-05-14
608336,1,718175,2023-05-14
663616,1,718175,2023-05-14
572191,1,718175,2023-05-14
673237,1,718176,2023-05-14
669394,1,718176,2023-05-14
673357,1,718176,2023-05-14
521692,1,718177,2023-05-14
641531,1,718177,2023-05-14
677951,1,718177,2023-05-14
592885,1,718177,2023-05-14
670712,1,718177,2023-05-14
668930,1,718177,2023-05-14
686668,1,718174,2023-05-14
666969,1,718172,2023-05-14
543257,1,718172,2023-05-14
669127,1,718172,2023-05-14
605141,1,718168,2023-05-14
624424,1,718169,2023-05-14
571448,1,718187,2023-05-14
668800,1,718187,2023-05-14
657557,1,718187,2023-05-14
682928,1,718167,2023-05-15
660271,1,718171,2023-05-15
595453,1,718171,2023-05-15
624428,1,718171,2023-05-15
623993,1,718171,2023-05-15
656775,1,718171,2023-05-15
592450,2,718164,2023-05-15
641432,1,718164,2023-05-15
663728,2,718163,2023-05-15
553993,1,718163,2023-05-15
669357,1,718166,2023-05-15
571448,1,718166,2023-05-15
668800,1,718166,2023-05-15
669242,1,718166,2023-05-15
660670,1,718165,2023-05-15
607680,1,718165,2023-05-15
663586,1,718165,2023-05-15
606115,1,718165,2023-05-15
542303,1,718165,2023-05-15
666624,1,718158,2023-05-15
608324,1,718158,2023-05-15
519058,1,718161,2023-05-15
686668,2,718161,2023-05-15
672695,1,718160,2023-05-15
666971,1,718160,2023-05-15
607054,1,718160,2023-05-15
664761,1,718170,2023-05-15
624424,1,718170,2023-05-15
663616,1,718159,2023-05-15
593871,1,718159,2023-05-15
669257,1,718159,2023-05-15
571970,2,718159,2023-05-15
666160,1,718154,2023-05-16
663624,1,718154,2023-05-16
656811,1,718154,2023-05-16
657041,1,718153,2023-05-16
624585,1,718153,2023-05-16
592450,1,718157,2023-05-16
643396,1,718157,2023-05-16
595281,1,718157,2023-05-16
666211,1,718149,2023-05-16
680776,1,718149,2023-05-16
671213,1,718149,2023-05-16
457759,1,718149,2023-05-16
642350,1,718150,2023-05-16
670623,2,718150,2023-05-16
683146,1,718150,2023-05-16
500871,1,718150,2023-05-16
624413,1,718150,2023-05-16
686894,1,718151,2023-05-16
605119,1,718151,2023-05-16
571448,1,718151,2023-05-16
669221,1,718148,2023-05-16
660670,1,718148,2023-05-16
677649,1,718148,2023-05-16
666969,1,718148,2023-05-16
673548,1,718152,2023-05-16
670223,1,718152,2023-05-16
669394,1,718147,2023-05-16
657757,1,718147,2023-05-16
673357,1,718147,2023-05-16
669222,1,718145,2023-05-16
678662,1,718145,2023-05-16
666971,1,718146,2023-05-16
572233,1,718146,2023-05-16
669397,1,718146,2023-05-16
657656,1,718146,2023-05-16
676116,1,718146,2023-05-16
656941,1,718156,2023-05-16
571657,1,718141,2023-05-16
666801,1,718142,2023-05-17
571912,1,718138,2023-05-17
608336,1,718136,2023-05-17
621439,1,718136,2023-05-17
681546,1,718136,2023-05-17
682998,1,718139,2023-05-17
572233,1,718139,2023-05-17
657656,1,718139,2023-05-17
681082,1,718143,2023-05-17
686469,1,718140,2023-05-17
630105,1,718140,2023-05-17
545361,1,718137,2023-05-17
669720,1,718137,2023-05-17
572816,1,718132,2023-05-17
624585,1,718132,2023-05-17
643376,1,718134,2023-05-17
457759,1,718133,2023-05-17
642350,1,718135,2023-05-17
664040,1,718135,2023-05-17
682626,1,718135,2023-05-17
668901,1,718135,2023-05-17
624413,1,718135,2023-05-17
657557,1,718131,2023-05-17
660670,1,718126,2023-05-17
592696,1,718126,2023-05-17
606115,1,718126,2023-05-17
666969,2,718126,2023-05-17
666624,1,718127,2023-05-17
673548,2,718127,2023-05-17
608324,1,718127,2023-05-17
676694,1,718127,2023-05-17
669394,1,718129,2023-05-17
683734,1,718129,2023-05-17
657757,1,718129,2023-05-17
545361,1,718128,2023-05-18
660271,1,718128,2023-05-18
623993,1,718128,2023-05-18
668939,1,718128,2023-05-18
666139,1,718122,2023-05-18
624413,1,718122,2023-05-18
600869,1,718130,2023-05-18
650559,1,718130,2023-05-18
672356,1,718125,2023-05-18
592450,1,718121,2023-05-18
683011,1,718121,2023-05-18
666182,1,718121,2023-05-18
571970,1,718124,2023-05-18
518692,1,718124,2023-05-18
669357,2,718124,2023-05-18
575929,2,718124,2023-05-18
571448,1,718124,2023-05-18
657557,1,718124,2023-05-18
660766,1,718124,2023-05-18
672695,1,718118,2023-05-19
668804,1,718118,2023-05-19
519203,1,718120,2023-05-19
592450,1,718120,2023-05-19
656716,1,718123,2023-05-19
682985,1,718123,2023-05-19
668731,1,718123,2023-05-19
663837,1,718123,2023-05-19
660688,1,718123,2023-05-19
657041,1,718123,2023-05-19
666624,1,718116,2023-05-19
624428,1,718115,2023-05-19
623993,1,718115,2023-05-19
663624,1,718115,2023-05-19
647304,1,718119,2023-05-19
672356,1,718119,2023-05-19
682626,1,718119,2023-05-19
683146,1,718119,2023-05-19
624413,1,718119,2023-05-19
621566,1,718110,2023-05-19
666969,1,718114,2023-05-19
663656,1,718112,2023-05-19
605141,1,718113,2023-05-19
650489,1,718106,2023-05-19
646240,2,718107,2023-05-19
665487,1,718107,2023-05-19
650559,1,718105,2023-05-19
521692,1,718104,2023-05-20
656811,1,718102,2023-05-20
656775,1,718102,2023-05-20
543807,1,718102,2023-05-20
643376,1,718102,2023-05-20
679529,1,718108,2023-05-20
600869,1,718108,2023-05-20
606466,1,718101,2023-05-20
656976,1,718101,2023-05-20
608369,1,718100,2023-05-20
677649,1,718100,2023-05-20
666624,1,718097,2023-05-20
621020,1,718097,2023-05-20
665019,1,718097,2023-05-20
656941,1,718097,2023-05-20
670541,1,718098,2023-05-20
519203,1,718095,2023-05-20
643396,1,718095,2023-05-20
571912,1,718095,2023-05-20
605119,1,718093,2023-05-20
680911,1,718093,2023-05-20
623912,1,718093,2023-05-20
542194,1,718093,2023-05-20
650490,1,718093,2023-05-20
502110,1,718109,2023-05-20
669357,1,718109,2023-05-20
553993,1,718094,2023-05-20
621566,1,718094,2023-05-20
608336,1,718096,2023-05-20
660271,1,718096,2023-05-20
665839,1,718092,2023-05-20
665487,1,718092,2023-05-20
665742,1,718092,2023-05-20
608070,1,718099,2023-05-20
516782,1,718099,2023-05-20
607043,1,718099,2023-05-20
650402,1,718085,2023-05-21
664056,1,718085,2023-05-21
665155,1,718089,2023-05-21
656180,1,718089,2023-05-21
545121,1,718089,2023-05-21
682998,1,718091,2023-05-21
666624,1,718088,2023-05-21
681082,1,718088,2023-05-21
676609,1,718090,2023-05-21
672284,1,718090,2023-05-21
518595,1,718090,2023-05-21
656305,1,718087,2023-05-21
608070,1,718099,2023-05-21
516782,1,718099,2023-05-21
607043,1,718099,2023-05-21
608070,1,718082,2023-05-21
596019,1,718082,2023-05-21
642133,1,718081,2023-05-21
661388,1,718081,2023-05-21
642715,1,718081,2023-05-21
666139,1,718081,2023-05-21
686681,1,718084,2023-05-21
673357,1,718084,2023-05-21
657557,1,718083,2023-05-21
608369,1,718076,2023-05-21
673962,1,718076,2023-05-21
669701,1,718076,2023-05-21
624585,1,718078,2023-05-21
663743,1,718078,2023-05-21
672275,1,718078,2023-05-21
605204,1,718078,2023-05-21
666135,1,718080,2023-05-21
572761,1,718079,2023-05-21
572287,1,718072,2023-05-22
673962,1,718075,2023-05-22
672779,1,718075,2023-05-22
657557,1,718071,2023-05-22
668715,1,718071,2023-05-22
662139,1,718077,2023-05-22
593160,1,718077,2023-05-22
642350,1,718077,2023-05-22
668227,1,718077,2023-05-22
670042,1,718077,2023-05-22
666971,1,718073,2023-05-22
656976,1,718073,2023-05-22
681082,1,718073,2023-05-22
656941,1,718073,2023-05-22
518692,1,718074,2023-05-22
502110,2,718074,2023-05-22
592696,1,718074,2023-05-22
663837,1,718066,2023-05-22
521692,1,718066,2023-05-22
686469,1,718066,2023-05-22
598265,1,718066,2023-05-22
624424,1,718067,2023-05-22
664247,1,718067,2023-05-22
667452,1,718068,2023-05-22
455117,1,718068,2023-05-22
643289,1,718068,2023-05-22
670541,2,718068,2023-05-22
642133,1,718068,2023-05-22
553869,1,718069,2023-05-22
666160,1,718070,2023-05-22
676609,1,718062,2023-05-22
672284,1,718062,2023-05-22
518735,1,718063,2023-05-23
686823,1,718063,2023-05-23
673962,1,718065,2023-05-23
502671,2,718059,2023-05-23
680574,1,718059,2023-05-23
656305,1,718061,2023-05-23
543807,1,718061,2023-05-23
665489,1,718061,2023-05-23
643376,1,718061,2023-05-23
670623,1,718061,2023-05-23
672515,1,718060,2023-05-23
665742,1,718064,2023-05-23
593428,1,718064,2023-05-23
630105,1,718064,2023-05-23
641525,1,718064,2023-05-23
682928,1,718064,2023-05-23
657041,1,718064,2023-05-23
683002,1,718058,2023-05-23
656775,1,718058,2023-05-23
592450,1,718058,2023-05-23
664056,1,718058,2023-05-23
518792,1,718057,2023-05-23
502110,1,718057,2023-05-23
624413,1,718055,2023-05-23
666624,1,718055,2023-05-23
673548,1,718055,2023-05-23
670223,1,718055,2023-05-23
624424,1,718054,2023-05-23
572191,1,718054,2023-05-23
621439,1,718054,2023-05-23
686894,1,718056,2023-05-23
680911,1,718056,2023-05-23
643265,1,718051,2023-05-23
624585,1,718051,2023-05-23
666160,1,718053,2023-05-23
642136,1,718053,2023-05-23
545361,1,718053,2023-05-23
641487,1,718050,2023-05-23
664034,1,718050,2023-05-23
543760,1,718045,2023-05-24
446334,1,718043,2023-05-24
607208,1,718043,2023-05-24
666397,1,718047,2023-05-24
680777,1,718047,2023-05-24
605119,1,718046,2023-05-24
680911,1,718046,2023-05-24
642715,1,718046,2023-05-24
663457,1,718041,2023-05-24
680977,1,718041,2023-05-24
680574,1,718041,2023-05-24
624415,1,718044,2023-05-24
642350,1,718044,2023-05-24
670042,1,718044,2023-05-24
596059,1,718052,2023-05-24
673490,1,718052,2023-05-24
624428,1,718040,2023-05-24
663624,1,718040,2023-05-24
643396,1,718040,2023-05-24
650402,2,718040,2023-05-24
605141,1,718042,2023-05-24
621566,1,718042,2023-05-24
542303,1,718042,2023-05-24
682985,1,718039,2023-05-24
670097,1,718039,2023-05-24
682626,1,718038,2023-05-24
663538,1,718038,2023-05-24
624585,1,718036,2023-05-24
641505,1,718036,2023-05-24
553869,1,718036,2023-05-24
657136,1,718034,2023-05-24
687263,1,718034,2023-05-24
545361,1,718034,2023-05-24
660271,1,718034,2023-05-24
606192,1,718037,2023-05-24
643265,1,718033,2023-05-25
624585,1,718033,2023-05-25
553869,1,718033,2023-05-25
596059,1,718035,2023-05-25
663757,1,718035,2023-05-25
657757,1,718031,2023-05-25
668731,1,718031,2023-05-25
547180,1,718026,2023-05-25
664761,1,718026,2023-05-25
663586,2,718026,2023-05-25
542303,1,718026,2023-05-25
624413,1,718024,2023-05-25
621020,1,718024,2023-05-25
624424,1,718028,2023-05-25
664913,1,718025,2023-05-25
664034,2,718025,2023-05-25
642350,1,718018,2023-05-26
650490,1,718018,2023-05-26
683734,1,718021,2023-05-26
665750,1,718020,2023-05-26
608369,1,718020,2023-05-26
543257,1,718020,2023-05-26
668939,1,718020,2023-05-26
665487,1,718023,2023-05-26
665742,1,718023,2023-05-26
671739,1,718019,2023-05-26
542303,1,718019,2023-05-26
572816,1,718014,2023-05-26
657041,1,718014,2023-05-26
677951,2,718014,2023-05-26
666182,1,718013,2023-05-26
595281,1,718013,2023-05-26
571745,1,718017,2023-05-26
689172,1,718017,2023-05-26
605204,1,718017,2023-05-26
596019,1,718016,2023-05-26
641857,1,718016,2023-05-26
453568,1,718016,2023-05-26
650559,1,718015,2023-05-26
624585,1,718015,2023-05-26
592273,1,718015,2023-05-26
571771,1,718010,2023-05-26
664913,1,718009,2023-05-26
668804,1,718012,2023-05-26
663647,1,718012,2023-05-26
457705,1,718012,2023-05-26
672779,1,718012,2023-05-26
669261,2,718012,2023-05-26
467793,1,718012,2023-05-26
641487,1,718012,2023-05-26
677594,1,718012,2023-05-26
665487,1,718006,2023-05-27
518934,1,718006,2023-05-27
666182,1,718008,2023-05-27
656716,1,718005,2023-05-27
670097,1,718005,2023-05-27
624415,1,718008,2023-05-27
650489,1,718008,2023-05-27
670242,1,718008,2023-05-27
662139,1,718008,2023-05-27
650489,2,718008,2023-05-27
666397,1,718008,2023-05-27
669720,1,718001,2023-05-27
665161,1,718003,2023-05-27
521692,1,718000,2023-05-27
571970,1,718002,2023-05-27
623912,1,718002,2023-05-27
678246,1,718002,2023-05-27
669221,1,717997,2023-05-27
571745,1,717999,2023-05-27
606466,1,717991,2023-05-27
663697,2,718007,2023-05-27
680977,1,717996,2023-05-27
682626,1,718011,2023-05-27
624413,1,718011,2023-05-27
641857,1,718011,2023-05-27
624585,1,717998,2023-05-27
570482,1,717998,2023-05-27
621035,1,717994,2023-05-28
571970,1,717994,2023-05-28
572204,1,717994,2023-05-28
670623,1,717994,2023-05-28
621035,2,717994,2023-05-28
502110,1,717994,2023-05-28
596059,1,717995,2023-05-28
630105,1,717995,2023-05-28
592450,1,717995,2023-05-28
664056,1,717995,2023-05-28
668800,1,717993,2023-05-28
676475,1,717993,2023-05-28
502671,1,717993,2023-05-28
663853,1,717989,2023-05-28
668731,1,717989,2023-05-28
658668,1,717985,2023-05-28
669004,1,717985,2023-05-28
666165,1,717986,2023-05-28
573262,1,717986,2023-05-28
661388,1,717986,2023-05-28
668715,1,717987,2023-05-28
621550,2,717987,2023-05-28
682626,1,717982,2023-05-28
596019,1,717982,2023-05-28
641857,1,717982,2023-05-28
453568,1,717982,2023-05-28
676694,1,717980,2023-05-28
547989,1,717980,2023-05-28
514888,1,717980,2023-05-28
665161,1,717980,2023-05-28
676801,1,717980,2023-05-28
670541,2,717980,2023-05-28
676116,1,717980,2023-05-28
663743,1,717984,2023-05-28
457759,1,717981,2023-05-28
672695,1,717981,2023-05-28
682998,1,717981,2023-05-28
663728,1,717983,2023-05-28
553993,1,717983,2023-05-28
677594,1,717983,2023-05-28
669016,1,717992,2023-05-28
656941,1,717992,2023-05-28
621566,2,717992,2023-05-28
663586,1,717992,2023-05-28
608369,1,717979,2023-05-29
686681,1,717975,2023-05-29
677951,1,717975,2023-05-29
641857,1,717977,2023-05-29
666971,1,717977,2023-05-29
656976,1,717977,2023-05-29
680777,1,717968,2023-05-29
668904,1,717968,2023-05-29
514888,1,717968,2023-05-29
669261,2,717978,2023-05-29
672275,1,717978,2023-05-29
596103,1,717978,2023-05-29
621566,1,717970,2023-05-29
676116,1,717970,2023-05-29
642136,1,717971,2023-05-29
592273,1,717971,2023-05-29
663853,1,717971,2023-05-29
683734,1,717971,2023-05-29
650391,1,717971,2023-05-29
502110,1,717973,2023-05-29
641343,1,717969,2023-05-29
592450,2,717969,2023-05-29
677594,1,717969,2023-05-29
673962,1,717964,2023-05-30
668670,1,717964,2023-05-30
628451,1,717964,2023-05-30
650559,1,717963,2023-05-30
661388,1,717965,2023-05-30
676480,1,717966,2023-05-30
596019,1,717962,2023-05-30
663538,1,717961,2023-05-30
608324,1,717956,2023-05-30
676801,1,717956,2023-05-30
621493,1,717959,2023-05-30
660271,1,717959,2023-05-30
663853,1,717959,2023-05-30
666134,1,717955,2023-05-30
606466,1,717955,2023-05-30
682998,1,717955,2023-05-30
446334,1,717955,2023-05-30
607680,1,717958,2023-05-30
656185,1,717952,2023-05-30
592450,1,717952,2023-05-30
683011,1,717952,2023-05-30
656582,1,717972,2023-05-30
660688,1,717957,2023-05-30
518792,1,717957,2023-05-30
518692,1,717957,2023-05-30
502110,1,717957,2023-05-30
621493,1,717943,2023-05-31
545361,1,717943,2023-05-31
660271,2,717943,2023-05-31
595453,1,717943,2023-05-31
642350,1,717950,2023-05-31
664040,1,717950,2023-05-31
647304,1,717946,2023-05-31
605137,1,717946,2023-05-31
623993,1,717946,2023-05-31
645277,1,717949,2023-05-31
682928,1,717954,2023-05-31
660688,1,717954,2023-05-31
669257,1,717954,2023-05-31
605141,1,717954,2023-05-31
669394,1,717943,2023-05-31
672356,1,717946,2023-05-31
600869,1,717954,2023-05-31
660688,2,717954,2023-05-31
671277,1,717954,2023-05-31
605141,2,717954,2023-05-31
596142,1,717945,2023-05-31
647351,1,717947,2023-05-31
668715,1,717948,2023-05-31
665839,1,717948,2023-05-31
807799,1,717948,2023-05-31
624641,1,717944,2023-05-31
592192,1,717944,2023-05-31
676694,1,717938,2023-05-31
673237,1,717938,2023-05-31
572233,1,717940,2023-05-31
666182,1,717942,2023-06-01
656305,1,717942,2023-06-01
